[
    {
        "model": "main.slide",
        "pk": 1,
        "fields": {
            "title": "Слайд 1",
            "content": "Содержание первого слайда",
            "background": "#ff5252",
            "order": 1
        }
    },
    {
        "model": "main.slide",
        "pk": 2,
        "fields": {
            "title": "Слайд 2",
            "content": "Содержание второго слайда",
            "background": "#ff9800",
            "order": 2
        }
    },
    {
        "model": "main.slide",
        "pk": 3,
        "fields": {
            "title": "Слайд 3",
            "content": "Содержание третьего слайда",
            "background": "#4caf50",
            "order": 3
        }
    },
    {
        "model": "main.slide",
        "pk": 4,
        "fields": {
            "title": "Слайд 4",
            "content": "Содержание четвертого слайда",
            "background": "#2196f3",
            "order": 4
        }
    },
    {
        "model": "main.slide",
        "pk": 5,
        "fields": {
            "title": "Слайд 5",
            "content": "Содержание пятого слайда",
            "background": "#9c27b0",
            "order": 5
        }
    }
]